USE master
GO
IF EXISTS(SELECT * FROM sys.databases WHERE name='QL_PHONGKHAM')
BEGIN
        DROP DATABASE QL_PHONGKHAM
END
CREATE DATABASE QL_PHONGKHAM
GO
USE QL_PHONGKHAM
GO
-- TẠO BẢNG 
CREATE TABLE QUYEN
(
    MAQUYEN INT IDENTITY NOT NULL PRIMARY KEY,
    TENQUYEN NVARCHAR(50),
    CODE CHAR(2)
)

CREATE TABLE MANHINH
(
    ID VARCHAR(15) NOT NULL PRIMARY KEY,
    TENMH NVARCHAR(50)
)

CREATE TABLE QL_PHANQUYEN
(
    MAQUYEN INT REFERENCES QUYEN(MAQUYEN) NOT NULL,
    ID_MH VARCHAR(15) REFERENCES MANHINH(ID) NOT NULL,
    COQUYEN BIT NOT NULL,
    CONSTRAINT PK_PQ PRIMARY KEY (MAQUYEN, ID_MH)
)

CREATE TABLE TAIKHOAN (
    ID VARCHAR(20) NOT NULL, -- CREATE AUTO
    USERNAME VARCHAR(50), -- CHECK USERNAME THEO GROUP
    PW VARCHAR(50),
    CONSTRAINT PK_TK PRIMARY KEY (ID)
)
CREATE TABLE NHOMNGUOIDUNG
(
    ID_Q INT REFERENCES QUYEN(MAQUYEN),
    ID_TK VARCHAR(20) REFERENCES TAIKHOAN(ID),
    CONSTRAINT PK_NND PRIMARY KEY (ID_Q, ID_TK)
)

CREATE TABLE NHOMCHUYENNGANH(
	MACN VARCHAR(10) NOT NULL PRIMARY KEY,
	TENCN NVARCHAR(50)
)
CREATE TABLE THONGTINTAIKHOAN (
    ID VARCHAR(20) NOT NULL, -- CREATE AUTO
    HOTEN NVARCHAR(50), -- HỌ TÊN
    NGSINH DATE, -- NGÀY SINH
    GTINH NVARCHAR(10),
    SDT VARCHAR(11), -- SDT
    DCHI NVARCHAR(50), -- ĐỊA CHỈ NHÀ / ĐỊA CHỈ GIAO
    ID_TAIKHOAN VARCHAR(20) REFERENCES TAIKHOAN(ID) unique,
    CONSTRAINT PK_TTTK PRIMARY KEY (ID)
)
CREATE TABLE NHANVIEN(
	MANV VARCHAR(10) NOT NULL PRIMARY KEY,
    ID VARCHAR(20) REFERENCES TAIKHOAN(ID) unique
)
CREATE TABLE PHONG 
(
	MAPHONG VARCHAR(10) NOT NULL PRIMARY KEY,
	TENPHONG NVARCHAR(50),
)
CREATE TABLE BACSI(
	MABS VARCHAR(10), 
    IDTK VARCHAR(20) REFERENCES TAIKHOAN(ID) unique,
	MACN VARCHAR(10) REFERENCES NHOMCHUYENNGANH(MACN),
	MAPHONG VARCHAR(10)  REFERENCES PHONG(MAPHONG),
	CONSTRAINT PK_BACSI PRIMARY KEY (MABS)
)
CREATE TABLE BENHNHAN(
	MABN VARCHAR(20) NOT NULL PRIMARY KEY,
	TENBN NVARCHAR(50),
	NGAYSINH DATE,
	GTINH NVARCHAR(10),
	DIACHI NVARCHAR(50),
	SDT VARCHAR(15)
)
CREATE TABLE DICHVU(
	MADV VARCHAR(10) NOT NULL PRIMARY KEY,
	TENDV NVARCHAR(50),
)

CREATE TABLE DMTHUOC(
	MAT VARCHAR(10) NOT NULL PRIMARY KEY,
	TENTHUOC NVARCHAR(50),
	HSD DATE,
	SOLUONG INT,
	DONVITINH VARCHAR(20)
)
CREATE TABLE DONGIA_THUOC(
	MAT VARCHAR(10) REFERENCES DMTHUOC(MAT),
	NGCAPNHAT DATE,
	GIA FLOAT,
	CONSTRAINT PK_DONGIA_THUOC PRIMARY KEY (MAT,NGCAPNHAT)
)
CREATE TABLE DONGIA_DICHVU(
	MADV VARCHAR(10) REFERENCES DICHVU(MADV),
	NGCAPNHAT DATE,
	GIA FLOAT,
	CONSTRAINT PK_DONGIA_DV PRIMARY KEY (MADV,NGCAPNHAT)
)
CREATE TABLE HOADON(
	MAHD VARCHAR(10) NOT NULL PRIMARY KEY,
	TIENKHAM FLOAT,
	NGLAP DATE,
	TONGTIENHD FLOAT,
	MABN VARCHAR(20) REFERENCES BENHNHAN(MABN)
)
CREATE TABLE LS_KHAMBENH(
	MALS VARCHAR(20),
	MABN VARCHAR(20) REFERENCES BENHNHAN(MABN),
	MABS VARCHAR(10) REFERENCES BACSI(MABS),
	NGKHAM DATE,
	STT INT,
	TRIEUCHUNG NVARCHAR(50),
	CONSTRAINT PK_LSKB PRIMARY KEY (MALS)
)
CREATE TABLE TOATHUOC(
	MATT VARCHAR(10) NOT NULL PRIMARY KEY,
	MALS VARCHAR(20) REFERENCES LS_KHAMBENH(MALS) unique,
	TONGTIENTT FLOAT
)
CREATE TABLE CT_TOATHUOC(
	MATT VARCHAR(10) REFERENCES TOATHUOC(MATT),
	MAT VARCHAR(10) REFERENCES DMTHUOC(MAT),
	LIEUDUNG NVARCHAR(50),
	DONGIA FLOAT,
	CONSTRAINT PK_CT_TOATHUOC PRIMARY KEY (MATT, MAT)
)
CREATE TABLE PHIEUCHIDINH(
	MACD VARCHAR(10) NOT NULL,
	MALS VARCHAR(20) REFERENCES LS_KHAMBENH(MALS) unique,
	TONGTIENDV FLOAT,
	CONSTRAINT PK_PCD PRIMARY KEY (MACD)
)
CREATE TABLE CHITIETCD(
	MACD VARCHAR(10) REFERENCES PHIEUCHIDINH(MACD),
	MADV VARCHAR(10) REFERENCES DICHVU(MADV),
	KETQUA NVARCHAR(MAX),
	CONSTRAINT PK_CTDONDV PRIMARY KEY (MACD, MADV)
)

GO
CREATE FUNCTION fn_PhanQuyen(@idGR INT)
RETURNS TABLE
AS
	RETURN SELECT ID, TENMH, COQUYEN
	FROM MANHINH MH LEFT JOIN QL_PHANQUYEN PQ
		ON MH.ID = PQ.ID_MH AND MAQUYEN = @idGR
GO

--DATA
INSERT TAIKHOAN
VALUES
('TK001','admin','123'),
('TK002','bacsi','123'),
('TK003','nhanvientn','123'),
('TK004','nvthungan','123'),
('TK005','bacsidv','123')

-- BẢNG TB_GRTK
INSERT QUYEN VALUES(N'ADMIN', '00')
INSERT QUYEN VALUES(N'USER', '01')
INSERT QUYEN VALUES(N'BACSI', '02')

INSERT MANHINH VALUES('M1', N'Quản lý bệnh nhân')
INSERT MANHINH VALUES('M2', N'Kê toa thuốc')
INSERT MANHINH VALUES('M3', N'Quản lý tài khoản')
INSERT MANHINH VALUES('M4', N'Thực hiện dịch vụ')
INSERT MANHINH VALUES('M5', N'Xem thông tin cá nhân')
INSERT MANHINH VALUES('M6', N'Phân quyền') 
INSERT MANHINH VALUES('M7', N'Quản lý nhóm người dùng') 
INSERT MANHINH VALUES('M8', N'Thêm người dùng vào nhóm')
INSERT MANHINH VALUES('M9', N'Khám bệnh')
INSERT MANHINH VALUES('MMH', N'Quản lý màn hình')

INSERT NHOMNGUOIDUNG VALUES ('1','TK001')
INSERT NHOMNGUOIDUNG VALUES ('3','TK002')
INSERT NHOMNGUOIDUNG VALUES ('2','TK003')
INSERT NHOMNGUOIDUNG VALUES ('2','TK004')
INSERT NHOMNGUOIDUNG VALUES ('3','TK005')

-- bảng phân quyền
-- phân quyền cho admin
INSERT QL_PHANQUYEN VALUES 
(1, 'M1', 1),
(1, 'M2', 0),
(1, 'M3', 1),
(1, 'M4', 0),
(1, 'M5', 0),
(1, 'M6', 1),
(1, 'M7', 1),
(1, 'M8', 1),
(1, 'M9', 0),
(1, 'MMH', 1)

-- phân quyền cho bác sĩ
INSERT QL_PHANQUYEN VALUES 
(3, 'M1', 0),
(3, 'M2', 1),
(3, 'M3', 0),
(3, 'M4', 1),
(3, 'M5', 1),
(3, 'M6', 0),
(3, 'M7', 0),
(3, 'M8', 0),
(3, 'M9', 1),
(3, 'MMH', 0)

-- phân quyền cho nhân viên
INSERT QL_PHANQUYEN VALUES 
(2, 'M1', 1),
(2, 'M2', 0),
(2, 'M3', 0),
(2, 'M4', 0),
(2, 'M5', 1),
(2, 'M6', 0),
(2, 'M7', 0),
(2, 'M8', 0),
(2, 'M9', 0),
(2, 'MMH', 0)

INSERT PHONG 
VALUES 
('P01',N'PHÒNG 401'),
('P02',N'PHÒNG 402'),
('P03',N'PHÒNG 403')

INSERT NHOMCHUYENNGANH
VALUES
('CN001',N'CHUYÊN NGÀNH NHI'),
('CN002',N'CHUYÊN NGÀNH TỔNG QUÁT')

INSERT BACSI
VALUES
('BS001','TK002','CN002','P01')

INSERT DICHVU
VALUES
('DV001',N'XÉT NGHIỆM MÁU'),
('DV002',N'SIÊU ÂM'),
('DV003',N'CHỤP X QUANG'),
('DV004',N'XÉT NGHIỆM NƯỚC TIỂU'),
('DV005',N'KHÁM BỆNH LÂM SÀN')
